SiteId,SiteName,MonitorDate,PSI,SO2SubIndex,COSubIndex,O3SubIndex,PM10SubIndex,NO2SubIndex
83,麥寮,2017-04-28,56,8,,,56,
80,關山,2017-04-28,45,2,,45,32,
78,馬公,2017-04-28,65,3,3,65,35,
77,金門,2017-04-28,79,6,4,79,49,
75,馬祖,2017-04-28,73,4,4,73,46,
72,埔里,2017-04-28,53,3,6,53,29,
71,復興,2017-04-28,43,7,7,,43,
70,永和,2017-04-28,31,6,9,,31,
69,竹山,2017-04-28,64,4,5,64,48,
68,中壢,2017-04-28,13,7,13,,,
67,三重,2017-04-28,52,7,20,,52,
66,冬山,2017-04-28,58,5,3,58,36,
65,宜蘭,2017-04-28,58,2,3,58,35,
64,陽明,2017-04-28,61,3,2,61,19,
63,花蓮,2017-04-28,57,3,5,57,31,
62,臺東,2017-04-28,42,2,5,42,31,
61,恆春,2017-04-28,58,3,2,58,28,
60,潮州,2017-04-28,53,5,4,53,47,
59,屏東,2017-04-28,57,9,6,57,40,
58,小港,2017-04-28,62,15,5,62,45,
57,前鎮,2017-04-28,45,6,,,45,
56,前金,2017-04-28,79,6,5,79,44,
54,左營,2017-04-28,81,5,5,81,45,
53,楠梓,2017-04-28,71,5,5,71,58,
52,林園,2017-04-28,73,8,4,73,20,
51,大寮,2017-04-28,58,7,4,58,41,
50,鳳山,2017-04-28,48,10,8,,48,
49,仁武,2017-04-28,65,6,5,65,45,
48,橋頭,2017-04-28,70,4,5,70,53,
47,美濃,2017-04-28,55,3,4,55,47,
46,臺南,2017-04-28,82,6,5,82,43,
45,安南,2017-04-28,82,5,4,82,42,
44,善化,2017-04-28,78,6,4,78,43,
43,新營,2017-04-28,78,4,4,78,50,
42,嘉義,2017-04-28,77,6,6,77,49,
41,臺西,2017-04-28,7,7,,,,
40,朴子,2017-04-28,88,5,3,88,54,
39,新港,2017-04-28,86,4,4,86,50,
38,崙背,2017-04-28,84,6,3,84,44,
37,斗六,2017-04-28,80,4,4,80,41,
36,南投,2017-04-28,59,4,5,59,45,
35,二林,2017-04-28,77,6,4,77,50,
34,線西,2017-04-28,52,7,,,52,
33,彰化,2017-04-28,76,3,5,76,43,
32,西屯,2017-04-28,71,5,3,71,40,
31,忠明,2017-04-28,65,4,5,65,30,
30,大里,2017-04-28,75,4,6,75,35,
29,沙鹿,2017-04-28,75,5,3,75,38,
28,豐原,2017-04-28,71,4,3,71,27,
27,三義,2017-04-28,68,4,3,68,33,
26,苗栗,2017-04-28,63,5,5,63,44,
25,頭份,2017-04-28,44,4,,,44,
24,新竹,2017-04-28,58,,4,58,,
23,竹東,2017-04-28,54,5,4,54,39,
22,湖口,2017-04-28,60,6,4,60,38,
21,龍潭,2017-04-28,58,7,4,58,42,
20,平鎮,2017-04-28,59,6,5,59,42,
19,觀音,2017-04-28,60,7,3,60,50,
18,大園,2017-04-28,58,7,4,58,43,
17,桃園,2017-04-28,57,8,6,57,33,
16,大同,2017-04-28,43,6,14,,43,
15,松山,2017-04-28,53,8,7,53,36,
14,古亭,2017-04-28,54,4,5,54,32,
13,萬華,2017-04-28,50,6,6,50,35,
12,中山,2017-04-28,47,6,8,47,37,
11,士林,2017-04-28,54,3,6,54,30,
10,淡水,2017-04-28,53,3,5,53,33,
9,林口,2017-04-28,54,4,4,54,50,
8,菜寮,2017-04-28,55,5,6,55,34,
7,新莊,2017-04-28,58,6,6,58,36,
6,板橋,2017-04-28,50,6,7,50,34,
5,土城,2017-04-28,57,4,5,57,30,
4,新店,2017-04-28,55,3,5,55,33,
3,萬里,2017-04-28,64,4,2,64,60,
2,汐止,2017-04-28,55,7,6,55,32,
1,基隆,2017-04-28,62,4,4,62,26,
83,麥寮,2017-04-27,38,8,,,38,
80,關山,2017-04-27,41,1,,41,14,
78,馬公,2017-04-27,53,2,2,53,21,
77,金門,2017-04-27,56,2,3,56,28,
75,馬祖,2017-04-27,61,2,2,61,35,
72,埔里,2017-04-27,24,4,5,19,24,
71,復興,2017-04-27,41,8,8,,41,
70,永和,2017-04-27,25,4,7,,25,
69,竹山,2017-04-27,34,4,4,28,34,
68,中壢,2017-04-27,34,4,13,,34,
67,三重,2017-04-27,41,3,17,,41,
66,冬山,2017-04-27,53,1,3,53,22,
65,宜蘭,2017-04-27,50,2,4,50,21,
64,陽明,2017-04-27,57,1,2,57,5,
63,花蓮,2017-04-27,57,3,3,57,22,
62,臺東,2017-04-27,41,1,4,41,20,
61,恆春,2017-04-27,54,1,2,54,23,
60,潮州,2017-04-27,56,4,4,50,56,
59,屏東,2017-04-27,54,6,6,54,52,
58,小港,2017-04-27,50,11,5,44,50,
57,前鎮,2017-04-27,47,7,,,47,
56,前金,2017-04-27,51,6,5,47,51,
54,左營,2017-04-27,53,7,5,49,53,
53,楠梓,2017-04-27,64,6,5,46,64,
52,林園,2017-04-27,51,6,4,51,30,
51,大寮,2017-04-27,53,10,5,40,53,
50,鳳山,2017-04-27,55,7,7,,55,
49,仁武,2017-04-27,57,7,6,47,57,
48,橋頭,2017-04-27,52,6,5,37,52,
47,美濃,2017-04-27,50,2,4,50,43,
46,臺南,2017-04-27,41,4,6,41,32,
45,安南,2017-04-27,48,3,5,41,48,
44,善化,2017-04-27,39,6,4,35,39,
43,新營,2017-04-27,43,3,4,38,43,
42,嘉義,2017-04-27,37,6,6,31,37,
41,臺西,2017-04-27,5,5,,,,
40,朴子,2017-04-27,48,5,4,48,38,
39,新港,2017-04-27,45,6,4,45,30,
38,崙背,2017-04-27,46,4,3,46,23,
37,斗六,2017-04-27,35,3,3,35,26,
36,南投,2017-04-27,30,4,7,29,30,
35,二林,2017-04-27,46,2,2,46,21,
34,線西,2017-04-27,25,5,,,25,
33,彰化,2017-04-27,41,2,5,41,21,
32,西屯,2017-04-27,47,2,3,47,22,
31,忠明,2017-04-27,38,3,4,38,19,
30,大里,2017-04-27,31,3,5,31,18,
29,沙鹿,2017-04-27,48,2,3,48,12,
28,豐原,2017-04-27,43,5,2,43,5,
27,三義,2017-04-27,45,1,2,45,12,
26,苗栗,2017-04-27,48,4,3,48,23,
25,頭份,2017-04-27,34,4,,,34,
24,新竹,2017-04-27,52,2,4,52,25,
23,竹東,2017-04-27,45,3,3,45,20,
22,湖口,2017-04-27,53,4,4,53,24,
21,龍潭,2017-04-27,52,5,3,52,31,
20,平鎮,2017-04-27,48,4,4,48,28,
19,觀音,2017-04-27,50,8,4,50,39,
18,大園,2017-04-27,49,6,4,49,28,
17,桃園,2017-04-27,45,5,5,45,25,
16,大同,2017-04-27,42,4,17,,42,
15,松山,2017-04-27,44,4,5,44,25,
14,古亭,2017-04-27,45,4,5,45,25,
13,萬華,2017-04-27,43,3,6,43,27,
12,中山,2017-04-27,43,3,7,43,25,
11,士林,2017-04-27,53,2,4,53,21,
10,淡水,2017-04-27,51,1,5,51,26,
9,林口,2017-04-27,51,3,5,51,40,
8,菜寮,2017-04-27,51,2,6,51,23,
7,新莊,2017-04-27,48,3,6,48,26,
6,板橋,2017-04-27,43,6,6,43,27,
5,土城,2017-04-27,48,5,4,48,18,
4,新店,2017-04-27,51,4,4,51,23,
3,萬里,2017-04-27,60,2,2,60,60,
2,汐止,2017-04-27,48,6,4,48,24,
1,基隆,2017-04-27,56,3,3,56,20,
83,麥寮,2017-04-25,74,6,,,74,
80,關山,2017-04-25,31,1,,31,23,
78,馬公,2017-04-25,52,2,4,51,52,
77,金門,2017-04-25,60,6,4,57,60,
75,馬祖,2017-04-25,61,5,12,61,56,
72,埔里,2017-04-25,75,3,7,75,45,
71,復興,2017-04-25,59,15,13,,59,
70,永和,2017-04-25,56,5,28,,56,
69,竹山,2017-04-25,86,6,7,86,70,
68,中壢,2017-04-25,59,6,19,,59,
67,三重,2017-04-25,67,8,30,,67,
66,冬山,2017-04-25,44,3,5,44,37,
65,宜蘭,2017-04-25,47,3,5,47,36,
64,陽明,2017-04-25,63,3,5,63,16,
63,花蓮,2017-04-25,45,2,5,45,30,
62,臺東,2017-04-25,30,2,5,30,28,
61,恆春,2017-04-25,47,2,2,47,24,
60,潮州,2017-04-25,105,8,7,105,72,
59,屏東,2017-04-25,123,8,9,123,66,
58,小港,2017-04-25,71,19,8,71,66,
57,前鎮,2017-04-25,63,14,,,63,
56,前金,2017-04-25,87,8,8,87,68,
54,左營,2017-04-25,111,4,8,111,69,
53,楠梓,2017-04-25,108,6,7,108,73,
52,林園,2017-04-25,99,9,7,99,48,
51,大寮,2017-04-25,97,14,8,97,,
50,鳳山,2017-04-25,76,10,11,,76,
49,仁武,2017-04-25,104,7,8,104,76,
48,橋頭,2017-04-25,79,5,6,79,64,
47,美濃,2017-04-25,85,2,6,85,56,
46,臺南,2017-04-25,78,7,8,78,70,
45,安南,2017-04-25,78,6,7,76,78,
44,善化,2017-04-25,72,6,6,49,72,
43,新營,2017-04-25,86,7,7,58,86,
42,嘉義,2017-04-25,78,11,10,72,78,
41,臺西,2017-04-25,66,7,,,66,
40,朴子,2017-04-25,78,6,6,57,78,
39,新港,2017-04-25,80,8,7,55,80,
38,崙背,2017-04-25,70,8,7,54,70,
37,斗六,2017-04-25,82,9,8,74,82,
36,南投,2017-04-25,73,5,9,66,73,
35,二林,2017-04-25,70,11,6,53,70,
34,線西,2017-04-25,64,8,,,64,
33,彰化,2017-04-25,68,9,9,42,68,
32,西屯,2017-04-25,66,5,6,55,66,
31,忠明,2017-04-25,62,6,9,50,62,
30,大里,2017-04-25,80,6,12,25,80,
29,沙鹿,2017-04-25,59,5,7,52,59,
28,豐原,2017-04-25,56,6,6,54,56,
27,三義,2017-04-25,45,3,5,41,45,
26,苗栗,2017-04-25,56,4,7,49,56,
25,頭份,2017-04-25,61,4,,,61,
24,新竹,2017-04-25,77,12,10,77,54,
23,竹東,2017-04-25,52,2,7,36,52,
22,湖口,2017-04-25,53,6,6,53,53,
21,龍潭,2017-04-25,57,4,8,46,57,
20,平鎮,2017-04-25,57,7,9,37,57,
19,觀音,2017-04-25,59,8,9,51,59,
18,大園,2017-04-25,55,10,9,48,55,
17,桃園,2017-04-25,58,12,13,41,58,
16,大同,2017-04-25,59,6,35,,59,
15,松山,2017-04-25,54,7,14,54,53,
14,古亭,2017-04-25,61,6,16,61,53,
13,萬華,2017-04-25,57,9,16,57,52,
12,中山,2017-04-25,54,6,17,54,54,
11,士林,2017-04-25,52,6,11,42,52,
10,淡水,2017-04-25,50,5,8,42,50,
9,林口,2017-04-25,64,8,7,46,64,
8,菜寮,2017-04-25,56,9,14,52,56,
7,新莊,2017-04-25,58,10,13,32,58,
6,板橋,2017-04-25,60,12,14,60,60,
5,土城,2017-04-25,73,10,14,73,53,
4,新店,2017-04-25,74,5,14,74,46,
3,萬里,2017-04-25,44,8,5,44,30,
2,汐止,2017-04-25,60,7,12,60,44,
1,基隆,2017-04-25,47,5,7,47,34,
83,麥寮,2017-04-24,70,6,,,70,
80,關山,2017-04-24,34,2,,34,28,
78,馬公,2017-04-24,60,3,3,60,52,
77,金門,2017-04-24,72,10,4,72,71,
75,馬祖,2017-04-24,72,6,6,72,62,
72,埔里,2017-04-24,39,4,7,39,30,
71,復興,2017-04-24,52,7,15,,52,
70,永和,2017-04-24,47,2,16,,47,
69,竹山,2017-04-24,65,4,6,65,58,
68,中壢,2017-04-24,58,8,35,,58,
67,三重,2017-04-24,58,5,22,,58,
66,冬山,2017-04-24,48,4,4,48,47,
65,宜蘭,2017-04-24,54,4,7,54,50,
64,陽明,2017-04-24,51,2,2,51,19,
63,花蓮,2017-04-24,54,2,6,54,34,
62,臺東,2017-04-24,38,1,5,38,32,
61,恆春,2017-04-24,55,1,2,55,28,
60,潮州,2017-04-24,94,6,6,94,56,
59,屏東,2017-04-24,85,4,8,85,48,
58,小港,2017-04-24,60,9,8,60,51,
57,前鎮,2017-04-24,54,7,,,54,
56,前金,2017-04-24,81,6,8,81,56,
54,左營,2017-04-24,84,5,6,84,54,
53,楠梓,2017-04-24,78,6,7,78,60,
52,林園,2017-04-24,96,6,6,96,38,
51,大寮,2017-04-24,75,6,8,75,52,
50,鳳山,2017-04-24,57,5,9,,57,
49,仁武,2017-04-24,76,7,6,76,56,
48,橋頭,2017-04-24,54,4,7,50,54,
47,美濃,2017-04-24,59,2,4,59,28,
46,臺南,2017-04-24,73,5,7,73,48,
45,安南,2017-04-24,75,4,6,75,56,
44,善化,2017-04-24,64,4,5,64,52,
43,新營,2017-04-24,64,4,5,58,64,
42,嘉義,2017-04-24,58,6,7,58,,
41,臺西,2017-04-24,60,6,,,60,
40,朴子,2017-04-24,75,5,4,75,64,
39,新港,2017-04-24,68,6,5,68,65,
38,崙背,2017-04-24,73,5,5,73,64,
37,斗六,2017-04-24,72,6,6,72,66,
36,南投,2017-04-24,58,3,9,53,58,
35,二林,2017-04-24,68,5,5,68,66,
34,線西,2017-04-24,66,7,,,66,
33,彰化,2017-04-24,64,8,8,64,58,
32,西屯,2017-04-24,71,6,6,71,58,
31,忠明,2017-04-24,66,5,8,66,54,
30,大里,2017-04-24,67,5,11,67,64,
29,沙鹿,2017-04-24,78,8,7,78,60,
28,豐原,2017-04-24,72,4,7,72,52,
27,三義,2017-04-24,54,3,5,54,41,
26,苗栗,2017-04-24,57,3,8,57,45,
25,頭份,2017-04-24,50,4,,,50,
24,新竹,2017-04-24,52,4,9,52,44,
23,竹東,2017-04-24,33,4,7,31,33,
22,湖口,2017-04-24,49,7,10,49,48,
21,龍潭,2017-04-24,48,4,12,38,48,
20,平鎮,2017-04-24,52,7,17,43,52,
19,觀音,2017-04-24,53,9,5,52,53,
18,大園,2017-04-24,52,7,7,52,50,
17,桃園,2017-04-24,48,9,13,47,48,
16,大同,2017-04-24,54,5,22,,54,
15,松山,2017-04-24,48,5,10,41,48,
14,古亭,2017-04-24,46,5,13,46,44,
13,萬華,2017-04-24,45,6,10,45,45,
12,中山,2017-04-24,48,2,13,46,48,
11,士林,2017-04-24,50,2,6,50,39,
10,淡水,2017-04-24,48,1,7,48,43,
9,林口,2017-04-24,56,5,7,50,56,
8,菜寮,2017-04-24,47,4,11,47,45,
7,新莊,2017-04-24,51,4,18,49,51,
6,板橋,2017-04-24,50,5,16,43,50,
5,土城,2017-04-24,45,4,10,45,38,
4,新店,2017-04-24,45,3,11,45,41,
3,萬里,2017-04-24,40,3,4,40,40,
2,汐止,2017-04-24,42,4,9,42,42,
1,基隆,2017-04-24,51,2,6,51,38,
83,麥寮,2017-04-23,60,6,,,60,
80,關山,2017-04-23,44,2,,44,27,
78,馬公,2017-04-23,69,4,3,69,51,
77,金門,2017-04-23,77,8,4,70,77,
75,馬祖,2017-04-23,71,5,3,71,61,
72,埔里,2017-04-23,44,3,5,44,34,
71,復興,2017-04-23,37,8,10,,37,
70,永和,2017-04-23,43,2,4,,43,
69,竹山,2017-04-23,56,4,5,56,56,
68,中壢,2017-04-23,50,3,11,,50,
67,三重,2017-04-23,56,8,14,,56,
66,冬山,2017-04-23,51,2,2,51,49,
65,宜蘭,2017-04-23,54,2,3,54,47,
64,陽明,2017-04-23,60,5,2,60,27,
63,花蓮,2017-04-23,53,2,5,53,44,
62,臺東,2017-04-23,40,1,4,40,24,
61,恆春,2017-04-23,58,2,2,58,24,
60,潮州,2017-04-23,56,5,6,47,56,
59,屏東,2017-04-23,46,6,8,36,46,
58,小港,2017-04-23,45,16,7,43,45,
57,前鎮,2017-04-23,44,7,,,44,
56,前金,2017-04-23,50,7,8,50,43,
54,左營,2017-04-23,51,4,7,51,47,
53,楠梓,2017-04-23,56,5,7,45,56,
52,林園,2017-04-23,52,8,5,52,26,
51,大寮,2017-04-23,52,6,5,39,52,
50,鳳山,2017-04-23,53,8,8,,53,
49,仁武,2017-04-23,49,6,6,48,49,
48,橋頭,2017-04-23,53,4,6,38,53,
47,美濃,2017-04-23,40,2,5,40,39,
46,臺南,2017-04-23,48,4,8,48,41,
45,安南,2017-04-23,48,4,7,45,48,
44,善化,2017-04-23,43,5,6,34,43,
43,新營,2017-04-23,54,4,6,37,54,
42,嘉義,2017-04-23,50,6,6,42,50,
41,臺西,2017-04-23,51,6,,,51,
40,朴子,2017-04-23,67,4,5,67,56,
39,新港,2017-04-23,61,4,5,61,53,
38,崙背,2017-04-23,66,5,6,66,51,
37,斗六,2017-04-23,59,5,6,59,54,
36,南投,2017-04-23,54,2,7,51,54,
35,二林,2017-04-23,64,5,5,64,51,
34,線西,2017-04-23,52,5,,,52,
33,彰化,2017-04-23,61,6,6,61,46,
32,西屯,2017-04-23,65,4,4,65,38,
31,忠明,2017-04-23,63,3,6,63,35,
30,大里,2017-04-23,56,3,6,56,40,
29,沙鹿,2017-04-23,64,3,5,64,40,
28,豐原,2017-04-23,53,6,6,53,31,
27,三義,2017-04-23,49,2,4,49,32,
26,苗栗,2017-04-23,51,4,4,51,49,
25,頭份,2017-04-23,55,2,,,55,
24,新竹,2017-04-23,59,2,4,59,51,
23,竹東,2017-04-23,46,3,4,46,43,
22,湖口,2017-04-23,59,4,3,59,47,
21,龍潭,2017-04-23,57,3,4,57,54,
20,平鎮,2017-04-23,56,3,4,56,51,
19,觀音,2017-04-23,61,10,4,61,54,
18,大園,2017-04-23,58,6,3,58,52,
17,桃園,2017-04-23,53,4,4,53,43,
16,大同,2017-04-23,54,6,11,,54,
15,松山,2017-04-23,49,4,5,49,39,
14,古亭,2017-04-23,55,3,3,55,34,
13,萬華,2017-04-23,47,3,5,47,44,
12,中山,2017-04-23,44,3,6,44,41,
11,士林,2017-04-23,53,4,3,53,43,
10,淡水,2017-04-23,50,3,4,50,43,
9,林口,2017-04-23,54,4,3,54,53,
8,菜寮,2017-04-23,51,5,4,51,42,
7,新莊,2017-04-23,54,3,4,54,43,
6,板橋,2017-04-23,52,5,5,52,40,
5,土城,2017-04-23,56,2,4,56,38,
4,新店,2017-04-23,56,2,4,56,42,
3,萬里,2017-04-23,66,4,2,66,51,
2,汐止,2017-04-23,54,5,5,54,38,
1,基隆,2017-04-23,56,4,4,56,32,
83,麥寮,2017-04-22,47,10,,,47,
80,關山,2017-04-22,42,2,,42,27,
78,馬公,2017-04-22,54,1,4,54,38,
77,金門,2017-04-22,60,6,5,52,60,
75,馬祖,2017-04-22,62,4,3,62,54,
72,埔里,2017-04-22,43,2,4,32,43,
71,復興,2017-04-22,35,4,10,,35,
70,永和,2017-04-22,41,3,8,,41,
69,竹山,2017-04-22,33,3,5,32,33,
68,中壢,2017-04-22,48,3,14,,48,
67,三重,2017-04-22,54,3,17,,54,
66,冬山,2017-04-22,52,3,3,52,34,
65,宜蘭,2017-04-22,54,2,4,54,27,
64,陽明,2017-04-22,61,3,3,61,19,
63,花蓮,2017-04-22,56,3,4,56,32,
62,臺東,2017-04-22,44,1,4,44,28,
61,恆春,2017-04-22,54,1,2,54,22,
60,潮州,2017-04-22,46,3,4,42,46,
59,屏東,2017-04-22,35,2,5,35,31,
58,小港,2017-04-22,37,9,6,34,37,
57,前鎮,2017-04-22,39,4,,,39,
56,前金,2017-04-22,46,5,6,38,46,
54,左營,2017-04-22,43,4,5,38,43,
53,楠梓,2017-04-22,52,3,5,37,52,
52,林園,2017-04-22,45,5,5,45,21,
51,大寮,2017-04-22,46,3,4,34,46,
50,鳳山,2017-04-22,49,5,7,,49,
49,仁武,2017-04-22,44,4,5,36,44,
48,橋頭,2017-04-22,46,3,5,33,46,
47,美濃,2017-04-22,33,1,3,33,29,
46,臺南,2017-04-22,43,3,5,43,24,
45,安南,2017-04-22,45,3,4,45,32,
44,善化,2017-04-22,38,3,4,38,34,
43,新營,2017-04-22,40,4,4,40,39,
42,嘉義,2017-04-22,39,4,6,39,37,
41,臺西,2017-04-22,32,6,,,32,
40,朴子,2017-04-22,50,4,4,50,37,
39,新港,2017-04-22,45,3,4,45,34,
38,崙背,2017-04-22,48,3,4,48,28,
37,斗六,2017-04-22,42,2,4,42,32,
36,南投,2017-04-22,34,4,5,34,31,
35,二林,2017-04-22,47,3,4,47,36,
34,線西,2017-04-22,37,4,,,37,
33,彰化,2017-04-22,45,2,5,45,27,
32,西屯,2017-04-22,50,2,4,50,27,
31,忠明,2017-04-22,45,3,6,45,20,
30,大里,2017-04-22,38,3,6,38,15,
29,沙鹿,2017-04-22,49,1,4,49,22,
28,豐原,2017-04-22,46,4,4,46,5,
27,三義,2017-04-22,49,2,3,49,20,
26,苗栗,2017-04-22,49,3,5,49,37,
25,頭份,2017-04-22,47,2,,,47,
24,新竹,2017-04-22,54,4,6,54,40,
23,竹東,2017-04-22,47,2,4,47,32,
22,湖口,2017-04-22,55,2,6,55,43,
21,龍潭,2017-04-22,56,4,5,56,41,
20,平鎮,2017-04-22,54,4,6,54,46,
19,觀音,2017-04-22,57,6,5,57,53,
18,大園,2017-04-22,58,5,6,58,50,
17,桃園,2017-04-22,54,5,7,54,45,
16,大同,2017-04-22,54,5,19,,54,
15,松山,2017-04-22,53,2,6,53,39,
14,古亭,2017-04-22,53,3,6,53,37,
13,萬華,2017-04-22,51,4,6,51,39,
12,中山,2017-04-22,50,1,7,50,40,
11,士林,2017-04-22,51,3,5,51,39,
10,淡水,2017-04-22,50,2,6,50,50,
9,林口,2017-04-22,54,2,6,53,54,
8,菜寮,2017-04-22,50,3,7,50,41,
7,新莊,2017-04-22,51,4,7,51,41,
6,板橋,2017-04-22,46,3,7,46,39,
5,土城,2017-04-22,54,4,5,54,34,
4,新店,2017-04-22,56,3,5,56,34,
3,萬里,2017-04-22,65,3,4,65,62,
2,汐止,2017-04-22,51,4,6,51,39,
1,基隆,2017-04-22,58,1,4,58,35,
83,麥寮,2017-04-21,37,4,,,37,
80,關山,2017-04-21,33,2,,28,33,
78,馬公,2017-04-21,43,3,2,43,17,
77,金門,2017-04-21,44,5,3,44,31,
75,馬祖,2017-04-21,60,3,5,60,54,
72,埔里,2017-04-21,46,4,4,46,30,
71,復興,2017-04-21,22,7,5,,22,
70,永和,2017-04-21,36,4,17,,36,
69,竹山,2017-04-21,42,2,2,42,32,
68,中壢,2017-04-21,40,6,16,,40,
67,三重,2017-04-21,50,5,21,,50,
66,冬山,2017-04-21,55,2,3,55,36,
65,宜蘭,2017-04-21,52,4,4,52,33,
64,陽明,2017-04-21,54,2,3,54,12,
63,花蓮,2017-04-21,57,3,4,57,38,
62,臺東,2017-04-21,37,2,4,24,37,
61,恆春,2017-04-21,27,1,1,27,24,
60,潮州,2017-04-21,49,5,3,36,49,
59,屏東,2017-04-21,46,4,3,46,30,
58,小港,2017-04-21,24,10,2,20,24,
57,前鎮,2017-04-21,25,5,,,25,
56,前金,2017-04-21,31,5,2,24,31,
54,左營,2017-04-21,28,3,2,25,28,
53,楠梓,2017-04-21,41,4,2,28,41,
52,林園,2017-04-21,27,6,2,27,19,
51,大寮,2017-04-21,36,9,3,27,36,
50,鳳山,2017-04-21,34,5,4,,34,
49,仁武,2017-04-21,34,4,3,22,34,
48,橋頭,2017-04-21,27,3,3,23,27,
47,美濃,2017-04-21,51,2,3,51,24,
46,臺南,2017-04-21,29,4,3,29,25,
45,安南,2017-04-21,28,3,3,26,28,
44,善化,2017-04-21,34,5,2,34,27,
43,新營,2017-04-21,34,4,3,28,34,
42,嘉義,2017-04-21,35,2,3,35,29,
41,臺西,2017-04-21,25,4,,,25,
40,朴子,2017-04-21,34,4,3,27,34,
39,新港,2017-04-21,33,4,3,33,31,
38,崙背,2017-04-21,41,3,2,41,26,
37,斗六,2017-04-21,35,3,3,35,32,
36,南投,2017-04-21,35,4,4,35,31,
35,二林,2017-04-21,44,4,2,44,26,
34,線西,2017-04-21,33,4,,,33,
33,彰化,2017-04-21,43,6,4,43,32,
32,西屯,2017-04-21,50,3,3,50,32,
31,忠明,2017-04-21,42,4,4,42,23,
30,大里,2017-04-21,36,4,5,36,32,
29,沙鹿,2017-04-21,48,3,3,48,23,
28,豐原,2017-04-21,44,5,4,44,22,
27,三義,2017-04-21,46,5,3,46,22,
26,苗栗,2017-04-21,49,4,4,49,29,
25,頭份,2017-04-21,36,4,,,36,
24,新竹,2017-04-21,50,5,4,50,33,
23,竹東,2017-04-21,40,2,3,40,33,
22,湖口,2017-04-21,56,5,3,56,28,
21,龍潭,2017-04-21,49,4,4,49,38,
20,平鎮,2017-04-21,49,6,4,49,37,
19,觀音,2017-04-21,57,6,3,57,40,
18,大園,2017-04-21,59,7,4,59,33,
17,桃園,2017-04-21,52,6,5,52,32,
16,大同,2017-04-21,49,6,20,,49,
15,松山,2017-04-21,48,2,8,48,35,
14,古亭,2017-04-21,48,2,7,48,32,
13,萬華,2017-04-21,39,2,7,39,32,
12,中山,2017-04-21,36,2,10,36,35,
11,士林,2017-04-21,47,4,5,47,34,
10,淡水,2017-04-21,51,4,4,51,35,
9,林口,2017-04-21,53,4,3,53,40,
8,菜寮,2017-04-21,39,4,8,39,34,
7,新莊,2017-04-21,46,5,7,46,31,
6,板橋,2017-04-21,37,5,8,37,36,
5,土城,2017-04-21,49,5,6,49,32,
4,新店,2017-04-21,51,4,5,51,32,
3,萬里,2017-04-21,60,5,4,60,49,
2,汐止,2017-04-21,53,4,9,53,33,
1,基隆,2017-04-21,55,4,6,55,24,
83,麥寮,2017-04-20,52,5,,,52,
80,關山,2017-04-20,40,5,,19,40,
78,馬公,2017-04-20,35,4,4,35,28,
77,金門,2017-04-20,44,8,5,38,44,
75,馬祖,2017-04-20,64,6,6,64,45,
72,埔里,2017-04-20,36,4,4,28,36,
71,復興,2017-04-20,31,9,8,,31,
70,永和,2017-04-20,44,5,20,,44,
69,竹山,2017-04-20,41,4,3,37,41,
68,中壢,2017-04-20,19,5,19,,,
67,三重,2017-04-20,56,8,20,,56,
66,冬山,2017-04-20,43,3,4,40,43,
65,宜蘭,2017-04-20,48,4,6,48,39,
64,陽明,2017-04-20,36,3,2,36,16,
63,花蓮,2017-04-20,41,4,4,39,41,
62,臺東,2017-04-20,30,2,4,22,30,
61,恆春,2017-04-20,43,1,1,43,23,
60,潮州,2017-04-20,63,5,3,63,42,
59,屏東,2017-04-20,47,6,4,47,34,
58,小港,2017-04-20,41,12,5,36,41,
57,前鎮,2017-04-20,32,9,,,32,
56,前金,2017-04-20,39,8,6,39,35,
54,左營,2017-04-20,48,5,4,48,36,
53,楠梓,2017-04-20,41,7,4,33,41,
52,林園,2017-04-20,59,10,2,59,23,
51,大寮,2017-04-20,47,,2,47,,
50,鳳山,2017-04-20,41,6,6,,41,
49,仁武,2017-04-20,36,7,5,31,36,
48,橋頭,2017-04-20,30,8,4,26,30,
47,美濃,2017-04-20,48,3,3,48,26,
46,臺南,2017-04-20,36,3,3,36,26,
45,安南,2017-04-20,39,3,4,35,39,
44,善化,2017-04-20,34,4,3,31,34,
43,新營,2017-04-20,37,4,4,28,37,
42,嘉義,2017-04-20,36,4,4,36,36,
41,臺西,2017-04-20,47,4,,,47,
40,朴子,2017-04-20,44,4,4,41,44,
39,新港,2017-04-20,42,3,3,42,38,
38,崙背,2017-04-20,58,4,4,39,58,
37,斗六,2017-04-20,40,4,4,40,39,
36,南投,2017-04-20,42,4,5,29,42,
35,二林,2017-04-20,49,3,4,36,49,
34,線西,2017-04-20,48,5,,,48,
33,彰化,2017-04-20,50,4,4,35,50,
32,西屯,2017-04-20,46,6,3,37,46,
31,忠明,2017-04-20,40,7,6,36,40,
30,大里,2017-04-20,49,6,5,31,49,
29,沙鹿,2017-04-20,39,5,4,34,39,
28,豐原,2017-04-20,32,6,19,30,32,
27,三義,2017-04-20,37,3,3,30,37,
26,苗栗,2017-04-20,42,4,4,33,42,
25,頭份,2017-04-20,50,6,,,50,
24,新竹,2017-04-20,42,4,5,29,42,
23,竹東,2017-04-20,40,4,4,29,40,
22,湖口,2017-04-20,37,3,3,37,33,
21,龍潭,2017-04-20,42,2,4,35,42,
20,平鎮,2017-04-20,43,5,4,30,43,
19,觀音,2017-04-20,46,4,3,32,46,
18,大園,2017-04-20,38,6,3,34,38,
17,桃園,2017-04-20,40,7,5,30,40,
16,大同,2017-04-20,54,6,22,,54,
15,松山,2017-04-20,42,4,11,32,42,
14,古亭,2017-04-20,41,3,11,39,41,
13,萬華,2017-04-20,38,5,11,30,38,
12,中山,2017-04-20,43,4,13,23,43,
11,士林,2017-04-20,39,4,5,36,39,
10,淡水,2017-04-20,49,5,5,30,49,
9,林口,2017-04-20,52,5,4,31,52,
8,菜寮,2017-04-20,43,6,8,28,43,
7,新莊,2017-04-20,44,8,8,31,44,
6,板橋,2017-04-20,46,7,7,31,46,
5,土城,2017-04-20,39,5,7,33,39,
4,新店,2017-04-20,36,4,8,35,36,
3,萬里,2017-04-20,50,4,4,50,39,
2,汐止,2017-04-20,40,4,11,34,40,
1,基隆,2017-04-20,36,4,7,36,29,
83,麥寮,2017-04-19,60,4,,,60,
80,關山,2017-04-19,30,3,,25,30,
78,馬公,2017-04-19,36,2,3,36,29,
77,金門,2017-04-19,52,6,3,35,52,
75,馬祖,2017-04-19,61,6,6,56,61,
72,埔里,2017-04-19,72,2,4,72,36,
71,復興,2017-04-19,46,11,5,,46,
70,永和,2017-04-19,47,5,16,,47,
69,竹山,2017-04-19,85,4,3,85,53,
68,中壢,2017-04-19,89,6,14,,89,
67,三重,2017-04-19,67,4,25,,67,
66,冬山,2017-04-19,40,3,4,37,40,
65,宜蘭,2017-04-19,42,2,4,42,36,
64,陽明,2017-04-19,61,2,3,61,28,
63,花蓮,2017-04-19,37,3,5,36,37,
62,臺東,2017-04-19,36,2,4,26,36,
61,恆春,2017-04-19,46,4,2,46,37,
60,潮州,2017-04-19,56,4,3,48,56,
59,屏東,2017-04-19,72,5,5,72,52,
58,小港,2017-04-19,55,19,4,44,55,
57,前鎮,2017-04-19,48,8,,,48,
56,前金,2017-04-19,54,8,4,54,51,
54,左營,2017-04-19,57,7,6,57,52,
53,楠梓,2017-04-19,68,8,6,68,66,
52,林園,2017-04-19,53,3,2,53,32,
51,大寮,2017-04-19,55,4,3,55,54,
50,鳳山,2017-04-19,60,19,8,,60,
49,仁武,2017-04-19,60,10,6,60,60,
48,橋頭,2017-04-19,52,7,5,47,52,
47,美濃,2017-04-19,72,4,4,72,51,
46,臺南,2017-04-19,73,6,5,73,52,
45,安南,2017-04-19,71,6,5,71,58,
44,善化,2017-04-19,76,8,5,76,56,
43,新營,2017-04-19,60,6,5,47,60,
42,嘉義,2017-04-19,96,6,4,96,56,
41,臺西,2017-04-19,54,4,,,54,
40,朴子,2017-04-19,69,9,5,69,68,
39,新港,2017-04-19,71,4,4,71,60,
38,崙背,2017-04-19,70,3,4,70,56,
37,斗六,2017-04-19,85,4,5,85,56,
36,南投,2017-04-19,68,3,4,68,54,
35,二林,2017-04-19,67,6,3,67,62,
34,線西,2017-04-19,60,6,,,60,
33,彰化,2017-04-19,72,6,4,72,60,
32,西屯,2017-04-19,78,6,4,78,56,
31,忠明,2017-04-19,75,5,4,75,54,
30,大里,2017-04-19,54,4,4,28,54,
29,沙鹿,2017-04-19,74,5,4,74,58,
28,豐原,2017-04-19,77,4,4,77,52,
27,三義,2017-04-19,68,4,4,68,53,
26,苗栗,2017-04-19,68,5,5,68,58,
25,頭份,2017-04-19,63,5,,,63,
24,新竹,2017-04-19,61,3,6,61,60,
23,竹東,2017-04-19,56,3,5,55,56,
22,湖口,2017-04-19,64,5,4,64,58,
21,龍潭,2017-04-19,66,6,7,66,66,
20,平鎮,2017-04-19,68,5,7,62,68,
19,觀音,2017-04-19,60,2,3,60,58,
18,大園,2017-04-19,67,7,4,67,59,
17,桃園,2017-04-19,61,7,7,61,59,
16,大同,2017-04-19,58,6,24,,58,
15,松山,2017-04-19,39,6,10,35,39,
14,古亭,2017-04-19,49,4,9,49,43,
13,萬華,2017-04-19,45,5,9,45,45,
12,中山,2017-04-19,50,6,12,36,50,
11,士林,2017-04-19,56,4,6,56,50,
10,淡水,2017-04-19,64,4,4,64,53,
9,林口,2017-04-19,68,6,6,68,68,
8,菜寮,2017-04-19,64,4,9,64,52,
7,新莊,2017-04-19,60,6,9,60,54,
6,板橋,2017-04-19,55,8,12,55,,
5,土城,2017-04-19,63,5,9,63,47,
4,新店,2017-04-19,52,4,7,52,41,
3,萬里,2017-04-19,46,4,4,46,43,
2,汐止,2017-04-19,41,6,9,35,41,
1,基隆,2017-04-19,40,4,8,40,28,
83,麥寮,2017-04-18,51,2,,,51,
80,關山,2017-04-18,26,2,,24,26,
78,馬公,2017-04-18,39,3,3,39,28,
77,金門,2017-04-18,59,8,3,59,54,
75,馬祖,2017-04-18,54,7,5,52,54,
72,埔里,2017-04-18,44,3,4,44,32,
71,復興,2017-04-18,28,5,4,,28,
70,永和,2017-04-18,47,6,21,,47,
69,竹山,2017-04-18,44,3,3,44,43,
68,中壢,2017-04-18,56,,19,,56,
67,三重,2017-04-18,58,6,22,,58,
66,冬山,2017-04-18,49,6,5,29,49,
65,宜蘭,2017-04-18,42,4,5,29,42,
64,陽明,2017-04-18,44,2,2,44,14,
63,花蓮,2017-04-18,40,4,4,28,40,
62,臺東,2017-04-18,34,3,4,22,34,
61,恆春,2017-04-18,46,3,2,46,27,
60,潮州,2017-04-18,54,10,4,43,54,
59,屏東,2017-04-18,41,5,4,40,41,
58,小港,2017-04-18,42,10,3,42,36,
57,前鎮,2017-04-18,31,5,,,31,
56,前金,2017-04-18,55,4,3,55,35,
54,左營,2017-04-18,53,,3,53,33,
53,楠梓,2017-04-18,52,3,4,52,45,
52,林園,2017-04-18,54,6,2,54,23,
51,大寮,2017-04-18,45,6,3,43,45,
50,鳳山,2017-04-18,41,4,6,,41,
49,仁武,2017-04-18,49,3,3,49,40,
48,橋頭,2017-04-18,41,4,3,41,30,
47,美濃,2017-04-18,40,5,4,40,33,
46,臺南,2017-04-18,60,4,3,60,31,
45,安南,2017-04-18,60,2,4,60,37,
44,善化,2017-04-18,38,4,4,37,38,
43,新營,2017-04-18,46,4,4,40,46,
42,嘉義,2017-04-18,41,5,3,41,36,
41,臺西,2017-04-18,38,3,,,38,
40,朴子,2017-04-18,51,4,5,51,50,
39,新港,2017-04-18,46,3,3,46,37,
38,崙背,2017-04-18,49,3,2,49,38,
37,斗六,2017-04-18,40,2,4,37,40,
36,南投,2017-04-18,41,2,4,33,41,
35,二林,2017-04-18,45,2,2,45,42,
34,線西,2017-04-18,47,3,,,47,
33,彰化,2017-04-18,42,3,3,36,42,
32,西屯,2017-04-18,46,4,4,42,46,
31,忠明,2017-04-18,42,4,6,34,42,
30,大里,2017-04-18,49,4,6,31,49,
29,沙鹿,2017-04-18,41,4,4,41,41,
28,豐原,2017-04-18,46,7,43,43,46,
27,三義,2017-04-18,42,4,4,39,42,
26,苗栗,2017-04-18,50,4,5,37,50,
25,頭份,2017-04-18,5,5,,,,
24,新竹,2017-04-18,42,3,5,34,42,
23,竹東,2017-04-18,46,2,4,26,46,
22,湖口,2017-04-18,43,7,3,43,33,
21,龍潭,2017-04-18,52,3,4,35,52,
20,平鎮,2017-04-18,45,4,4,32,45,
19,觀音,2017-04-18,42,3,2,42,39,
18,大園,2017-04-18,41,5,3,41,41,
17,桃園,2017-04-18,45,4,7,29,45,
16,大同,2017-04-18,56,5,26,,56,
15,松山,2017-04-18,45,5,7,20,45,
14,古亭,2017-04-18,45,5,9,19,45,
13,萬華,2017-04-18,44,5,10,16,44,
12,中山,2017-04-18,46,6,10,15,46,
11,士林,2017-04-18,41,4,5,27,41,
10,淡水,2017-04-18,42,5,4,30,42,
9,林口,2017-04-18,56,5,3,34,56,
8,菜寮,2017-04-18,44,5,7,20,44,
7,新莊,2017-04-18,44,7,7,29,44,
6,板橋,2017-04-18,48,8,9,27,48,
5,土城,2017-04-18,42,6,10,30,42,
4,新店,2017-04-18,45,5,10,28,45,
3,萬里,2017-04-18,41,5,3,32,41,
2,汐止,2017-04-18,40,6,8,22,40,
1,基隆,2017-04-18,32,5,5,26,32,
83,麥寮,2017-04-17,50,4,,,50,
80,關山,2017-04-17,21,2,,15,21,
78,馬公,2017-04-17,25,8,2,25,23,
75,馬祖,2017-04-17,43,5,2,43,38,
72,埔里,2017-04-17,43,3,4,43,34,
71,復興,2017-04-17,33,12,7,,33,
70,永和,2017-04-17,39,5,17,,39,
69,竹山,2017-04-17,42,4,3,42,38,
68,中壢,2017-04-17,48,8,21,,48,
67,三重,2017-04-17,52,6,25,,52,
66,冬山,2017-04-17,40,4,5,34,40,
65,宜蘭,2017-04-17,39,5,4,39,38,
64,陽明,2017-04-17,39,4,3,39,16,
63,花蓮,2017-04-17,25,2,3,15,25,
62,臺東,2017-04-17,28,3,4,12,28,
61,恆春,2017-04-17,24,3,1,22,24,
60,潮州,2017-04-17,35,3,2,26,35,
59,屏東,2017-04-17,36,7,5,30,36,
58,小港,2017-04-17,44,18,4,14,44,
57,前鎮,2017-04-17,32,12,,,32,
56,前金,2017-04-17,38,9,5,21,38,
54,左營,2017-04-17,43,7,6,32,43,
53,楠梓,2017-04-17,50,5,5,34,50,
52,林園,2017-04-17,29,5,2,29,20,
51,大寮,2017-04-17,42,4,4,22,42,
50,鳳山,2017-04-17,48,9,6,,48,
49,仁武,2017-04-17,45,6,4,23,45,
48,橋頭,2017-04-17,37,5,4,33,37,
47,美濃,2017-04-17,47,3,3,47,33,
46,臺南,2017-04-17,38,6,5,28,38,
45,安南,2017-04-17,45,5,5,31,45,
44,善化,2017-04-17,34,5,3,32,34,
43,新營,2017-04-17,49,4,4,30,49,
42,嘉義,2017-04-17,39,5,4,39,38,
41,臺西,2017-04-17,44,5,,,44,
40,朴子,2017-04-17,56,5,4,54,56,
39,新港,2017-04-17,44,4,5,36,44,
38,崙背,2017-04-17,37,4,3,37,37,
37,斗六,2017-04-17,40,4,4,40,39,
36,南投,2017-04-17,36,3,5,33,36,
35,二林,2017-04-17,34,5,3,34,34,
34,線西,2017-04-17,45,5,,,45,
33,彰化,2017-04-17,39,7,5,32,39,
32,西屯,2017-04-17,40,4,5,36,40,
31,忠明,2017-04-17,32,6,6,31,32,
30,大里,2017-04-17,42,5,5,33,42,
29,沙鹿,2017-04-17,38,6,4,38,36,
28,豐原,2017-04-17,35,3,4,35,34,
27,三義,2017-04-17,33,5,3,32,33,
26,苗栗,2017-04-17,41,5,4,40,41,
25,頭份,2017-04-17,6,6,,,,
24,新竹,2017-04-17,40,3,5,37,40,
23,竹東,2017-04-17,39,5,5,33,39,
22,湖口,2017-04-17,50,11,4,50,33,
21,龍潭,2017-04-17,45,5,4,45,44,
20,平鎮,2017-04-17,42,5,4,42,39,
19,觀音,2017-04-17,50,7,3,50,44,
18,大園,2017-04-17,44,6,6,44,42,
17,桃園,2017-04-17,42,10,9,42,40,
16,大同,2017-04-17,51,7,32,,51,
15,松山,2017-04-17,39,6,9,39,33,
14,古亭,2017-04-17,43,5,9,43,33,
13,萬華,2017-04-17,39,5,9,39,34,
12,中山,2017-04-17,31,6,13,31,28,
11,士林,2017-04-17,38,5,7,38,36,
10,淡水,2017-04-17,45,5,9,40,45,
9,林口,2017-04-17,52,6,6,36,52,
8,菜寮,2017-04-17,37,5,8,37,37,
7,新莊,2017-04-17,44,7,11,44,40,
6,板橋,2017-04-17,44,5,10,44,44,
5,土城,2017-04-17,45,6,8,45,37,
4,新店,2017-04-17,48,4,7,48,30,
3,萬里,2017-04-17,55,6,4,55,37,
2,汐止,2017-04-17,47,6,10,47,41,
1,基隆,2017-04-17,45,6,7,45,29,
83,麥寮,2017-04-16,61,8,,,61,
80,關山,2017-04-16,18,2,,18,14,
78,馬公,2017-04-16,36,2,4,36,26,
77,金門,2017-04-16,25,,6,25,,
75,馬祖,2017-04-16,70,9,5,41,70,
72,埔里,2017-04-16,57,3,6,57,52,
71,復興,2017-04-16,30,12,5,,30,
70,永和,2017-04-16,41,2,14,,41,
69,竹山,2017-04-16,54,4,5,54,54,
68,中壢,2017-04-16,57,7,17,,57,
67,三重,2017-04-16,56,6,21,,56,
66,冬山,2017-04-16,42,5,5,40,42,
65,宜蘭,2017-04-16,37,3,4,36,37,
64,陽明,2017-04-16,59,5,4,59,20,
63,花蓮,2017-04-16,24,3,2,21,24,
62,臺東,2017-04-16,22,2,3,14,22,
61,恆春,2017-04-16,24,1,1,18,24,
60,潮州,2017-04-16,67,3,3,67,47,
59,屏東,2017-04-16,67,3,4,67,42,
58,小港,2017-04-16,41,14,4,26,41,
57,前鎮,2017-04-16,36,10,,,36,
56,前金,2017-04-16,40,7,4,40,40,
54,左營,2017-04-16,55,6,4,55,47,
53,楠梓,2017-04-16,54,5,3,54,50,
52,林園,2017-04-16,30,4,3,30,24,
51,大寮,2017-04-16,45,6,4,44,45,
50,鳳山,2017-04-16,52,9,5,,52,
49,仁武,2017-04-16,55,7,3,55,42,
48,橋頭,2017-04-16,41,5,3,41,40,
47,美濃,2017-04-16,59,2,3,59,41,
46,臺南,2017-04-16,52,5,5,50,52,
45,安南,2017-04-16,56,3,5,49,56,
44,善化,2017-04-16,52,5,5,44,52,
43,新營,2017-04-16,62,6,5,39,62,
42,嘉義,2017-04-16,60,6,6,50,60,
41,臺西,2017-04-16,54,7,,,54,
40,朴子,2017-04-16,60,7,5,51,60,
39,新港,2017-04-16,60,5,6,53,60,
38,崙背,2017-04-16,53,4,6,43,53,
37,斗六,2017-04-16,54,3,5,52,54,
36,南投,2017-04-16,52,3,6,44,52,
35,二林,2017-04-16,53,4,7,36,53,
34,線西,2017-04-16,54,6,,,54,
33,彰化,2017-04-16,50,9,8,42,50,
32,西屯,2017-04-16,53,8,8,41,53,
31,忠明,2017-04-16,50,8,10,40,50,
30,大里,2017-04-16,59,8,8,59,55,
29,沙鹿,2017-04-16,50,6,8,35,50,
28,豐原,2017-04-16,40,4,4,40,35,
27,三義,2017-04-16,39,4,4,34,39,
26,苗栗,2017-04-16,45,3,6,37,45,
25,頭份,2017-04-16,4,4,,,,
24,新竹,2017-04-16,41,4,9,40,41,
23,竹東,2017-04-16,41,2,4,41,38,
22,湖口,2017-04-16,48,6,8,47,48,
21,龍潭,2017-04-16,62,4,7,62,53,
20,平鎮,2017-04-16,60,5,9,60,56,
19,觀音,2017-04-16,60,6,7,60,60,
18,大園,2017-04-16,73,10,10,73,64,
17,桃園,2017-04-16,81,9,15,81,59,
16,大同,2017-04-16,55,6,34,,55,
15,松山,2017-04-16,51,2,13,51,33,
14,古亭,2017-04-16,70,2,8,70,36,
13,萬華,2017-04-16,76,2,10,76,42,
12,中山,2017-04-16,64,5,11,64,40,
11,士林,2017-04-16,67,4,10,67,38,
10,淡水,2017-04-16,73,6,13,73,56,
9,林口,2017-04-16,82,6,12,82,70,
8,菜寮,2017-04-16,79,5,14,79,51,
7,新莊,2017-04-16,78,6,18,78,58,
6,板橋,2017-04-16,88,6,15,88,,
5,土城,2017-04-16,80,5,12,80,49,
4,新店,2017-04-16,63,4,7,63,34,
3,萬里,2017-04-16,40,7,5,40,37,
2,汐止,2017-04-16,47,3,10,47,40,
1,基隆,2017-04-16,36,7,9,36,29,
83,麥寮,2017-04-15,64,6,,,64,
80,關山,2017-04-15,23,1,,23,16,
78,馬公,2017-04-15,43,3,4,43,30,
77,金門,2017-04-15,70,12,6,24,70,
75,馬祖,2017-04-15,50,5,4,49,50,
72,埔里,2017-04-15,69,2,8,69,52,
71,復興,2017-04-15,46,10,9,,46,
70,永和,2017-04-15,52,5,20,,52,
69,竹山,2017-04-15,70,4,5,70,60,
68,中壢,2017-04-15,58,7,18,,58,
67,三重,2017-04-15,62,9,25,,62,
66,冬山,2017-04-15,59,5,6,59,43,
65,宜蘭,2017-04-15,58,4,6,58,33,
64,陽明,2017-04-15,72,6,5,72,23,
63,花蓮,2017-04-15,39,2,4,39,24,
62,臺東,2017-04-15,25,1,4,21,25,
61,恆春,2017-04-15,37,4,2,37,23,
60,潮州,2017-04-15,62,4,6,62,55,
59,屏東,2017-04-15,65,5,6,65,52,
58,小港,2017-04-15,54,19,6,50,54,
57,前鎮,2017-04-15,50,10,,,50,
56,前金,2017-04-15,61,7,8,61,56,
54,左營,2017-04-15,90,6,8,90,59,
53,楠梓,2017-04-15,83,6,6,83,66,
52,林園,2017-04-15,93,4,5,93,26,
51,大寮,2017-04-15,52,5,6,49,52,
50,鳳山,2017-04-15,58,10,8,,58,
49,仁武,2017-04-15,78,8,7,78,57,
48,橋頭,2017-04-15,61,6,6,61,54,
47,美濃,2017-04-15,78,4,6,78,49,
46,臺南,2017-04-15,79,6,9,79,54,
45,安南,2017-04-15,62,5,6,62,57,
44,善化,2017-04-15,58,4,5,58,52,
43,新營,2017-04-15,56,5,6,51,56,
42,嘉義,2017-04-15,61,7,7,61,57,
41,臺西,2017-04-15,57,8,,,57,
40,朴子,2017-04-15,62,4,6,62,58,
39,新港,2017-04-15,62,6,7,62,60,
38,崙背,2017-04-15,81,4,6,81,56,
37,斗六,2017-04-15,84,5,6,84,56,
36,南投,2017-04-15,62,4,9,62,59,
35,二林,2017-04-15,72,8,5,72,58,
34,線西,2017-04-15,60,10,,,60,
33,彰化,2017-04-15,66,9,9,66,56,
32,西屯,2017-04-15,61,8,9,61,56,
31,忠明,2017-04-15,60,7,11,60,49,
30,大里,2017-04-15,73,7,8,73,60,
29,沙鹿,2017-04-15,65,8,12,65,55,
28,豐原,2017-04-15,76,6,8,76,53,
27,三義,2017-04-15,60,4,5,60,50,
26,苗栗,2017-04-15,58,5,7,58,54,
25,頭份,2017-04-15,4,4,,,,
24,新竹,2017-04-15,50,4,13,50,48,
23,竹東,2017-04-15,53,3,7,45,53,
22,湖口,2017-04-15,65,8,6,65,47,
21,龍潭,2017-04-15,63,4,9,63,53,
20,平鎮,2017-04-15,62,6,10,62,56,
19,觀音,2017-04-15,59,7,7,59,59,
18,大園,2017-04-15,60,13,13,60,55,
17,桃園,2017-04-15,62,11,14,62,56,
16,大同,2017-04-15,58,11,20,,58,
15,松山,2017-04-15,85,8,14,85,49,
14,古亭,2017-04-15,84,5,12,84,45,
13,萬華,2017-04-15,76,6,13,76,47,
12,中山,2017-04-15,69,10,14,69,52,
11,士林,2017-04-15,71,8,11,71,50,
10,淡水,2017-04-15,59,5,10,59,56,
9,林口,2017-04-15,67,6,10,67,62,
8,菜寮,2017-04-15,70,10,19,70,56,
7,新莊,2017-04-15,68,8,17,68,62,
6,板橋,2017-04-15,70,8,18,70,,
5,土城,2017-04-15,63,6,14,63,52,
4,新店,2017-04-15,89,4,11,89,43,
3,萬里,2017-04-15,68,6,5,68,37,
2,汐止,2017-04-15,70,7,11,70,45,
1,基隆,2017-04-15,63,7,8,63,32,
83,麥寮,2017-04-14,63,4,,,63,
80,關山,2017-04-14,38,2,,38,26,
78,馬公,2017-04-14,45,2,3,43,45,
77,金門,2017-04-14,64,7,5,42,64,
75,馬祖,2017-04-14,53,4,8,53,47,
72,埔里,2017-04-14,72,4,7,72,37,
71,復興,2017-04-14,58,9,13,,58,
70,永和,2017-04-14,44,6,23,,44,
69,竹山,2017-04-14,76,4,9,76,56,
68,中壢,2017-04-14,52,8,30,,52,
67,三重,2017-04-14,56,8,30,,56,
66,冬山,2017-04-14,52,1,4,52,28,
65,宜蘭,2017-04-14,57,2,5,57,29,
